C2,C3,C8,C11,C14,C15,Hired,C1_b,C4_y,C5_p,C6_c,C6_cc,C6_d,C6_e,C6_ff,C6_i,C6_j,C6_k,C6_m,C6_q,C6_r,C6_w,C6_x,C7_dd,C7_ff,C7_h,C7_j,C7_n,C7_o,C7_v,C9_t,C10_t,C12_t,C13_p,C13_s
30.83,0.0,1.25,1.0,202.0,0.0,1,True,False,False,False,False,False,False,False,False,False,False,False,False,False,True,False,False,False,False,False,False,False,True,True,True,False,False,False
27.83,1.54,3.75,5.0,100.0,3.0,1,True,False,False,False,False,False,False,False,False,False,False,False,False,False,True,False,False,False,False,False,False,False,True,True,True,True,False,False
20.17,5.625,1.71,0.0,120.0,0.0,1,True,False,False,False,False,False,False,False,False,False,False,False,False,False,True,False,False,False,False,False,False,False,True,True,False,False,False,True
32.08,4.0,2.5,0.0,360.0,0.0,1,True,False,False,False,False,False,False,False,False,False,False,True,False,False,False,False,False,False,False,False,False,False,True,True,False,True,False,False
54.42,0.5,3.96,0.0,180.0,314.0,1,True,True,True,False,False,False,False,False,False,False,True,False,False,False,False,False,False,False,True,False,False,False,False,True,False,False,False,False
22.08,0.83,2.165,0.0,128.0,0.0,1,True,False,False,True,False,False,False,False,False,False,False,False,False,False,False,False,False,False,True,False,False,False,False,False,False,True,False,False
29.92,1.835,4.335,0.0,260.0,200.0,1,True,False,False,True,False,False,False,False,False,False,False,False,False,False,False,False,False,False,True,False,False,False,False,True,False,False,False,False
38.25,6.0,1.0,0.0,0.0,0.0,1,False,False,False,False,False,False,False,False,False,False,True,False,False,False,False,False,False,False,False,False,False,False,True,True,False,True,False,False
28.25,0.875,0.96,3.0,396.0,0.0,1,True,False,False,False,False,False,False,False,False,False,False,True,False,False,False,False,False,False,False,False,False,False,True,True,True,True,False,False
21.83,0.25,0.665,0.0,0.0,0.0,1,True,False,False,False,False,True,False,False,False,False,False,False,False,False,False,False,False,False,True,False,False,False,False,True,False,True,False,False
23.25,1.0,0.835,0.0,300.0,0.0,1,True,False,False,True,False,False,False,False,False,False,False,False,False,False,False,False,False,False,False,False,False,False,True,True,False,False,False,True
27.42,14.5,3.085,1.0,120.0,11.0,1,False,False,False,False,False,False,False,False,False,False,False,False,False,False,False,True,False,False,True,False,False,False,False,True,True,False,False,False
41.17,6.5,0.5,3.0,145.0,0.0,1,False,False,False,False,False,False,False,False,False,False,False,False,True,False,False,False,False,False,False,False,False,False,True,True,True,True,False,False
15.83,0.585,1.5,2.0,100.0,0.0,1,False,False,False,True,False,False,False,False,False,False,False,False,False,False,False,False,False,False,True,False,False,False,False,True,True,False,False,False
29.25,14.79,5.04,5.0,168.0,0.0,1,True,False,False,False,False,False,False,False,False,False,False,False,False,False,False,False,False,False,False,False,False,False,True,True,True,True,False,False
27.75,0.585,0.25,2.0,260.0,500.0,1,True,True,True,False,True,False,False,False,False,False,False,False,False,False,False,False,False,False,False,False,False,False,True,True,True,False,False,False
29.67,1.415,0.75,1.0,240.0,100.0,1,True,False,False,False,False,False,False,False,False,False,False,False,False,False,True,False,False,False,True,False,False,False,False,True,True,False,False,False
41.5,1.54,3.5,0.0,216.0,0.0,1,True,False,False,False,False,False,False,False,True,False,False,False,False,False,False,False,False,False,False,False,False,False,False,False,False,False,False,False
23.92,0.665,0.165,0.0,100.0,0.0,1,True,False,False,True,False,False,False,False,False,False,False,False,False,False,False,False,False,False,False,False,False,False,True,False,False,False,False,False
25.75,0.5,0.875,0.0,491.0,0.0,1,False,False,False,True,False,False,False,False,False,False,False,False,False,False,False,False,False,False,True,False,False,False,False,True,False,True,False,False
26.0,1.0,1.75,0.0,280.0,0.0,1,True,False,False,False,False,False,False,False,False,False,False,False,True,False,False,False,False,False,False,False,False,False,True,True,False,True,False,False
34.92,2.5,0.0,0.0,239.0,200.0,1,True,False,False,False,False,False,False,False,False,False,False,False,False,False,True,False,False,False,False,False,False,False,True,True,False,True,False,False
23.33,11.625,0.835,0.0,160.0,300.0,1,True,True,True,False,False,False,False,False,False,False,False,False,False,False,True,False,False,False,False,False,False,False,True,True,False,True,False,False
23.17,0.0,0.085,0.0,0.0,0.0,1,True,False,False,False,True,False,False,False,False,False,False,False,False,False,False,False,False,False,False,False,False,False,True,True,False,False,False,False
44.33,0.5,5.0,0.0,320.0,0.0,1,True,False,False,False,False,False,False,False,True,False,False,False,False,False,False,False,False,False,True,False,False,False,False,True,False,True,False,False
56.75,12.25,1.25,4.0,200.0,0.0,1,True,False,False,False,False,False,False,False,False,False,False,True,False,False,False,False,False,False,False,False,False,False,True,True,True,True,False,False
23.42,0.79,1.5,2.0,80.0,400.0,1,False,True,True,False,False,False,False,False,False,False,False,False,True,False,False,False,False,False,False,False,False,False,True,True,True,True,False,False
20.42,0.835,1.585,1.0,0.0,0.0,1,False,False,False,False,False,False,False,False,False,False,False,False,True,False,False,False,False,False,False,False,False,False,True,True,True,False,False,False
26.67,4.25,4.29,1.0,120.0,0.0,1,True,False,False,False,True,False,False,False,False,False,False,False,False,False,False,False,False,False,False,False,False,False,True,True,True,True,False,False
32.33,7.5,1.585,0.0,420.0,0.0,0,True,False,False,False,False,False,True,False,False,False,False,False,False,False,False,False,False,False,False,False,False,False,False,True,False,True,False,True
44.83,7.0,1.625,0.0,160.0,2.0,0,True,True,True,True,False,False,False,False,False,False,False,False,False,False,False,False,False,False,False,False,False,False,True,False,False,False,False,False
20.67,5.29,0.375,1.0,160.0,0.0,0,True,False,False,False,False,False,False,False,False,False,False,False,True,False,False,False,False,False,False,False,False,False,True,True,True,False,False,False
34.08,6.5,0.125,0.0,443.0,0.0,0,True,False,False,False,False,False,False,False,False,False,False,False,False,False,False,False,False,False,False,False,False,False,True,True,False,True,False,False
19.17,0.585,0.585,0.0,160.0,0.0,0,False,True,True,False,False,False,False,False,False,False,False,False,False,False,False,False,False,False,False,False,False,False,True,True,False,True,False,False
21.67,1.165,2.5,1.0,180.0,20.0,0,True,True,True,False,False,False,False,False,False,False,True,False,False,False,False,False,False,False,False,False,False,False,True,True,True,False,False,False
21.5,9.75,0.25,0.0,140.0,0.0,0,True,False,False,True,False,False,False,False,False,False,False,False,False,False,False,False,False,False,False,False,False,False,True,True,False,False,False,False
27.67,1.5,2.0,0.0,368.0,0.0,0,False,False,False,False,False,False,False,False,False,False,False,True,False,False,False,False,False,False,False,False,False,False,True,True,False,False,False,True
39.83,0.5,0.25,0.0,288.0,0.0,0,True,False,False,False,False,False,False,False,False,False,False,True,False,False,False,False,False,False,False,False,False,False,True,True,False,False,False,True
28.46,3.5,3.0,0.0,300.0,0.0,0,False,False,False,False,False,True,False,False,False,False,False,False,False,False,False,False,False,False,False,False,False,False,True,True,False,True,False,False
27.25,0.625,0.455,0.0,200.0,0.0,0,True,False,False,False,False,False,False,False,False,False,False,False,False,False,False,False,False,False,False,False,False,False,True,True,False,True,False,False
37.17,4.0,5.0,0.0,280.0,0.0,0,True,False,False,True,False,False,False,False,False,False,False,False,False,False,False,False,False,False,False,False,False,False,False,True,False,True,False,True
25.67,2.21,4.0,0.0,188.0,0.0,0,True,True,True,False,False,False,False,False,False,False,False,False,False,False,False,False,False,False,False,False,False,False,True,True,False,False,False,False
34.0,4.5,1.0,0.0,240.0,0.0,0,True,False,False,False,False,False,False,False,False,False,False,False,False,False,False,False,False,False,False,False,False,False,True,True,False,True,False,False
49.0,1.5,0.0,0.0,100.0,27.0,0,False,False,False,False,False,False,False,False,False,True,False,False,False,False,False,False,False,False,False,True,False,False,False,True,False,True,False,False
31.42,15.5,0.5,0.0,120.0,0.0,0,True,False,False,True,False,False,False,False,False,False,False,False,False,False,False,False,False,False,False,False,False,False,True,True,False,False,False,False
28.75,1.5,1.5,0.0,0.0,225.0,0,True,True,True,True,False,False,False,False,False,False,False,False,False,False,False,False,False,False,False,False,False,False,True,True,False,True,False,False
28.58,3.54,0.5,0.0,171.0,0.0,0,False,False,False,False,False,False,False,False,True,False,False,False,False,False,False,False,False,False,False,False,False,False,False,True,False,True,False,False
23.0,0.625,0.125,0.0,180.0,1.0,0,True,True,True,False,False,False,False,False,False,False,False,False,False,False,False,False,False,False,False,False,False,False,True,True,False,False,False,False
28.46,0.5,0.835,0.0,320.0,0.0,0,True,False,False,True,False,False,False,False,False,False,False,False,False,False,False,False,False,False,False,False,False,False,False,True,False,True,False,True
22.5,11.0,3.0,0.0,268.0,0.0,0,False,True,True,False,False,False,False,False,False,False,False,False,True,False,False,False,False,False,False,False,False,False,True,True,False,True,False,False
28.5,1.0,1.0,2.0,167.0,500.0,0,False,False,False,False,False,False,False,False,False,False,False,False,True,False,False,False,False,False,False,False,False,False,True,True,True,True,False,False
37.5,1.75,0.25,0.0,164.0,400.0,0,True,True,True,True,False,False,False,False,False,False,False,False,False,False,False,False,False,False,False,False,False,False,False,True,False,True,False,False
18.67,5.0,0.375,2.0,0.0,38.0,0,True,False,False,False,False,False,False,False,False,False,False,False,True,False,False,False,False,False,False,False,False,False,True,True,True,False,False,False
25.0,12.0,2.25,2.0,120.0,5.0,0,True,False,False,False,False,False,False,False,False,False,True,False,False,False,False,False,False,False,False,False,False,False,True,True,True,True,False,False
27.83,4.0,5.75,2.0,75.0,0.0,0,True,True,True,False,False,False,False,False,True,False,False,False,False,False,False,False,False,False,True,False,False,False,False,True,True,True,False,False
28.75,1.165,0.5,0.0,280.0,0.0,0,True,False,False,False,False,False,False,False,False,False,True,False,False,False,False,False,False,False,False,False,False,False,True,True,False,False,False,True
25.0,11.0,4.5,0.0,120.0,0.0,0,False,True,True,False,False,False,False,False,False,False,False,False,False,False,False,False,False,False,False,False,False,False,True,True,False,False,False,False
19.75,0.75,0.795,5.0,140.0,5.0,0,False,False,False,True,False,False,False,False,False,False,False,False,False,False,False,False,False,False,False,False,False,False,True,True,True,True,False,False
29.17,3.5,3.5,3.0,329.0,0.0,0,True,False,False,False,False,False,False,False,False,False,False,False,False,False,True,False,False,False,False,False,False,False,True,True,True,True,False,False
24.5,1.04,0.5,3.0,180.0,147.0,0,False,True,True,False,False,False,False,True,False,False,False,False,False,False,False,False,False,True,False,False,False,False,False,True,True,False,False,False
24.58,12.5,0.875,0.0,260.0,0.0,0,True,False,False,False,False,False,False,False,False,False,False,False,False,False,True,False,False,False,False,False,False,False,True,True,False,True,False,False
33.75,0.75,1.0,3.0,212.0,0.0,0,False,False,False,False,False,False,False,False,False,False,True,False,False,False,False,False,False,False,False,False,False,False,False,True,True,True,False,False
20.67,1.25,1.375,3.0,140.0,210.0,0,True,True,True,True,False,False,False,False,False,False,False,False,False,False,False,False,False,False,True,False,False,False,False,True,True,True,False,False
25.42,1.125,1.29,2.0,200.0,0.0,0,False,False,False,False,False,False,False,False,False,False,False,False,True,False,False,False,False,False,False,False,False,False,True,True,True,False,False,False
20.75,10.335,0.335,1.0,80.0,50.0,1,False,False,False,False,True,False,False,False,False,False,False,False,False,False,False,False,False,False,True,False,False,False,False,True,True,True,False,False
39.92,6.21,0.04,1.0,200.0,300.0,1,True,False,False,False,False,False,False,False,False,False,False,False,True,False,False,False,False,False,False,False,False,False,True,True,True,False,False,False
28.42,3.5,0.835,0.0,280.0,0.0,1,False,False,False,False,False,False,False,False,False,False,False,False,False,False,True,False,False,False,False,False,False,False,True,True,False,False,False,True
20.42,1.835,2.25,1.0,100.0,150.0,1,True,False,False,True,False,False,False,False,False,False,False,False,False,False,False,False,False,False,False,False,False,False,True,True,True,False,False,False
48.58,6.5,6.0,0.0,350.0,0.0,1,True,False,False,False,False,False,False,False,False,False,False,False,True,False,False,False,False,False,True,False,False,False,False,True,False,True,False,False
22.33,11.0,2.0,1.0,80.0,278.0,1,True,False,False,False,False,False,False,False,False,False,False,False,False,False,True,False,False,False,False,False,False,False,True,True,True,False,False,False
32.75,1.5,5.5,3.0,0.0,0.0,1,True,False,False,False,True,False,False,False,False,False,False,False,False,False,False,False,False,False,True,False,False,False,False,True,True,True,False,False
28.5,3.04,2.54,1.0,70.0,0.0,1,False,True,True,False,False,False,False,False,False,False,False,False,False,False,False,True,False,False,True,False,False,False,False,True,True,False,False,False
28.0,2.0,4.165,2.0,181.0,0.0,1,True,False,False,False,False,False,False,False,False,False,True,False,False,False,False,False,False,False,True,False,False,False,False,True,True,True,False,False
44.0,2.0,1.75,2.0,0.0,15.0,1,True,False,False,False,False,False,False,False,False,False,False,True,False,False,False,False,False,False,False,False,False,False,True,True,True,True,False,False
25.08,1.71,1.665,1.0,395.0,20.0,1,True,False,False,False,False,False,False,False,False,False,False,False,False,False,False,True,False,False,False,False,False,False,True,True,True,True,False,False
32.0,1.75,0.04,0.0,393.0,0.0,1,True,True,True,False,False,False,True,False,False,False,False,False,False,False,False,False,False,False,True,False,False,False,False,True,False,True,False,False
19.33,9.5,1.0,0.0,60.0,400.0,1,True,False,False,False,False,False,False,False,False,False,False,False,True,False,False,False,False,False,False,False,False,False,True,True,False,True,False,False
37.5,1.125,1.5,0.0,431.0,0.0,1,True,True,True,False,False,True,False,False,False,False,False,False,False,False,False,False,False,False,False,False,False,False,True,False,False,True,False,False
25.08,2.54,0.25,0.0,370.0,0.0,1,False,True,True,False,False,False,False,False,False,False,False,False,False,False,False,False,False,False,False,False,False,False,True,True,False,True,False,False
22.67,10.5,1.335,0.0,100.0,0.0,1,True,False,False,False,False,False,False,False,False,False,False,False,True,False,False,False,False,False,True,False,False,False,False,True,False,False,False,False
25.0,12.5,3.0,0.0,20.0,0.0,1,True,False,False,False,False,False,False,False,False,False,False,False,False,False,False,False,False,False,False,False,False,False,True,True,False,True,False,True
26.08,8.665,1.415,0.0,160.0,150.0,1,False,False,False,False,False,False,False,False,False,False,False,False,False,False,False,False,False,False,False,False,False,False,True,True,False,False,False,False
21.25,2.335,0.5,4.0,80.0,0.0,1,False,False,False,False,False,False,False,False,True,False,False,False,False,False,False,False,False,False,False,False,False,False,False,True,True,False,False,True
20.67,3.0,0.165,3.0,100.0,6.0,1,False,False,False,False,False,False,False,False,False,False,False,False,True,False,False,False,False,False,False,False,False,False,True,True,True,False,False,False
40.0,6.5,3.5,1.0,0.0,500.0,1,True,False,False,False,False,False,False,False,False,False,False,False,False,False,False,False,False,False,False,False,False,False,False,True,True,False,False,False
33.08,4.625,1.625,2.0,0.0,0.0,1,False,False,False,False,False,False,False,False,False,False,False,False,True,False,False,False,False,False,True,False,False,False,False,True,True,False,False,False
21.33,10.5,3.0,0.0,0.0,0.0,1,True,False,False,True,False,False,False,False,False,False,False,False,False,False,False,False,False,False,False,False,False,False,True,True,False,True,False,False
42.0,0.205,5.125,0.0,400.0,0.0,1,True,False,False,False,False,False,False,False,True,False,False,False,False,False,False,False,False,False,True,False,False,False,False,True,False,False,False,False
33.17,3.165,3.165,3.0,380.0,0.0,1,True,True,True,False,False,False,False,False,False,False,False,False,False,False,False,True,False,False,False,False,False,False,True,True,True,True,False,False
41.33,1.0,2.25,0.0,0.0,300.0,1,False,False,False,False,False,False,False,False,True,False,False,False,False,False,False,False,False,False,False,False,False,False,False,True,False,True,False,False
20.75,10.25,0.71,2.0,49.0,0.0,1,False,False,False,False,False,False,False,False,False,False,False,False,True,False,False,False,False,False,False,False,False,False,True,True,True,True,False,False
24.33,6.625,5.5,0.0,100.0,0.0,1,True,True,True,False,False,True,False,False,False,False,False,False,False,False,False,False,False,False,False,False,False,False,True,True,False,True,False,True
26.67,2.71,5.25,1.0,211.0,0.0,1,True,True,True,False,True,False,False,False,False,False,False,False,False,False,False,False,False,False,False,False,False,False,True,True,True,False,False,False
48.17,3.5,3.5,0.0,230.0,0.0,1,True,False,False,False,False,False,False,False,False,False,False,False,False,False,False,False,False,False,False,False,False,False,True,True,False,False,False,True
18.92,9.25,1.0,4.0,80.0,500.0,1,False,True,True,True,False,False,False,False,False,False,False,False,False,False,False,False,False,False,False,False,False,False,True,True,True,True,False,False
50.08,12.54,2.29,3.0,156.0,0.0,1,False,False,False,False,False,False,False,False,False,False,False,False,False,False,False,False,False,False,False,False,False,False,True,True,True,True,False,False
17.58,9.0,1.375,0.0,0.0,0.0,1,False,False,False,False,False,False,False,False,False,False,False,False,False,False,False,False,False,False,False,False,False,False,True,True,False,True,False,False
18.83,9.54,0.085,0.0,100.0,0.0,1,False,False,False,False,False,False,False,False,False,False,False,False,False,False,False,False,False,False,False,False,False,False,True,True,False,False,False,False
37.75,5.5,0.125,0.0,228.0,0.0,1,False,False,False,False,False,False,False,False,False,False,False,False,True,False,False,False,False,False,False,False,False,False,True,True,False,True,False,False
23.25,4.0,0.25,0.0,160.0,0.0,1,True,False,False,True,False,False,False,False,False,False,False,False,False,False,False,False,False,False,False,False,False,False,False,True,False,True,False,False
18.08,5.5,0.5,0.0,80.0,0.0,1,True,False,False,False,False,False,False,False,False,False,True,False,False,False,False,False,False,False,False,False,False,False,True,True,False,False,False,False
22.5,8.46,2.46,0.0,164.0,0.0,1,False,True,True,False,False,False,False,False,False,False,False,False,False,False,False,True,False,False,False,False,False,False,True,False,False,False,False,False
19.67,0.375,2.0,2.0,80.0,0.0,1,True,False,False,False,False,False,False,False,False,False,False,False,True,False,False,False,False,False,False,False,False,False,True,True,True,True,False,False
22.08,11.0,0.665,0.0,100.0,0.0,1,True,False,False,False,True,False,False,False,False,False,False,False,False,False,False,False,False,False,False,False,False,False,True,True,False,False,False,False
27.67,13.75,5.75,0.0,487.0,500.0,1,True,False,False,False,False,False,False,False,False,False,False,False,False,False,True,False,False,False,False,False,False,False,True,True,False,True,False,False
26.17,0.25,0.0,0.0,0.0,0.0,1,True,False,False,False,False,False,False,False,True,False,False,False,False,False,False,False,False,False,False,False,False,False,False,True,False,True,False,False
42.83,4.625,4.58,0.0,0.0,0.0,1,True,False,False,False,False,False,False,False,False,False,False,False,True,False,False,False,False,False,False,False,False,False,True,True,False,False,False,True
20.5,10.0,2.5,0.0,40.0,0.0,1,True,True,True,True,False,False,False,False,False,False,False,False,False,False,False,False,False,False,False,False,False,False,True,True,False,False,False,True
18.5,2.0,1.5,2.0,120.0,300.0,1,True,False,False,False,False,False,False,False,True,False,False,False,False,False,False,False,False,False,False,False,False,False,True,True,True,False,False,False
24.5,12.75,4.75,2.0,73.0,444.0,1,True,False,False,True,False,False,False,False,False,False,False,False,False,False,False,False,False,False,False,False,False,False,False,True,True,False,False,False
23.17,11.125,0.46,1.0,100.0,0.0,1,True,False,False,False,False,False,False,False,False,False,False,False,False,False,False,True,False,False,True,False,False,False,False,True,True,False,False,False
18.17,10.25,1.085,0.0,320.0,13.0,0,True,False,False,True,False,False,False,False,False,False,False,False,False,False,False,False,False,False,True,False,False,False,False,False,False,False,False,False
20.0,11.045,2.0,0.0,136.0,0.0,0,True,False,False,True,False,False,False,False,False,False,False,False,False,False,False,False,False,False,False,False,False,False,True,False,False,True,False,False
20.0,0.0,0.5,0.0,144.0,0.0,0,True,False,False,False,False,True,False,False,False,False,False,False,False,False,False,False,False,False,False,False,False,False,True,False,False,False,False,False
24.5,1.75,0.165,0.0,132.0,0.0,0,False,True,True,True,False,False,False,False,False,False,False,False,False,False,False,False,False,False,False,False,False,False,True,False,False,False,False,False
32.75,2.335,5.75,0.0,292.0,0.0,0,True,False,False,False,False,True,False,False,False,False,False,False,False,False,False,False,False,False,True,False,False,False,False,False,False,True,False,False
52.17,0.0,0.0,0.0,0.0,0.0,0,False,True,True,False,False,False,False,True,False,False,False,False,False,False,False,False,False,True,False,False,False,False,False,False,False,False,False,False
48.17,1.335,0.335,0.0,0.0,120.0,0,False,False,False,False,False,False,False,False,True,False,False,False,False,False,False,False,False,False,False,False,False,True,False,False,False,False,False,False
20.42,10.5,0.0,0.0,154.0,32.0,0,False,True,True,False,False,False,False,False,False,False,False,False,False,False,False,True,False,False,True,False,False,False,False,False,False,True,False,False
50.75,0.585,0.0,0.0,145.0,0.0,0,True,False,False,False,False,False,False,True,False,False,False,False,False,False,False,False,False,True,False,False,False,False,False,False,False,False,False,False
18.33,1.21,0.0,0.0,100.0,0.0,0,True,True,True,False,False,False,True,False,False,False,False,False,False,False,False,False,True,False,False,False,False,False,False,False,False,False,False,False
32.0,6.0,1.25,0.0,272.0,0.0,0,False,False,False,False,False,True,False,False,False,False,False,False,False,False,False,False,False,False,False,False,False,False,True,False,False,False,False,False
59.67,1.54,0.125,0.0,260.0,0.0,1,True,False,False,False,False,False,False,False,False,False,False,False,True,False,False,False,False,False,False,False,False,False,True,True,False,True,False,False
18.0,0.165,0.21,0.0,200.0,40.0,1,True,False,False,False,False,False,False,False,False,False,False,False,True,False,False,False,False,False,False,False,True,False,False,False,False,False,False,False
37.58,0.0,0.0,0.0,160.0,0.0,1,True,False,False,True,False,False,False,False,False,False,False,False,False,False,False,False,False,False,False,False,False,False,True,False,False,False,True,False
32.33,2.5,1.25,0.0,280.0,0.0,0,True,False,False,True,False,False,False,False,False,False,False,False,False,False,False,False,False,False,False,False,False,False,True,False,False,True,False,False
18.08,6.75,0.04,0.0,140.0,0.0,0,True,True,True,False,False,False,False,False,False,False,False,True,False,False,False,False,False,False,False,False,False,False,True,False,False,False,False,False
38.25,10.125,0.125,0.0,160.0,0.0,0,True,True,True,False,False,False,False,False,False,False,True,False,False,False,False,False,False,False,False,False,False,False,True,False,False,False,False,False
30.67,2.5,2.25,0.0,340.0,0.0,0,True,False,False,False,True,False,False,False,False,False,False,False,False,False,False,False,False,False,True,False,False,False,False,False,False,True,False,True
18.58,5.71,0.54,0.0,120.0,0.0,0,True,False,False,False,False,True,False,False,False,False,False,False,False,False,False,False,False,False,False,False,False,False,True,False,False,False,False,False
19.17,5.415,0.29,0.0,80.0,484.0,0,False,False,False,False,False,False,False,False,True,False,False,False,False,False,False,False,False,False,True,False,False,False,False,False,False,False,False,False
18.17,10.0,0.165,0.0,340.0,0.0,0,False,True,True,False,False,False,False,False,False,False,False,False,True,False,False,False,False,False,True,False,False,False,False,False,False,False,False,False
24.58,13.5,0.0,0.0,160.0,0.0,0,True,True,True,False,False,False,False,True,False,False,False,False,False,False,False,False,False,True,False,False,False,False,False,False,False,False,False,False
16.25,0.835,0.085,0.0,200.0,0.0,0,True,False,False,False,False,False,False,False,False,False,False,True,False,False,False,False,False,False,False,False,False,False,True,True,False,False,False,True
21.17,0.875,0.25,0.0,280.0,204.0,0,True,True,True,True,False,False,False,False,False,False,False,False,False,False,False,False,False,False,True,False,False,False,False,False,False,False,False,False
23.92,0.585,0.125,0.0,240.0,1.0,0,True,True,True,False,True,False,False,False,False,False,False,False,False,False,False,False,False,False,True,False,False,False,False,False,False,False,False,False
17.67,4.46,0.25,0.0,80.0,0.0,0,True,False,False,True,False,False,False,False,False,False,False,False,False,False,False,False,False,False,False,False,False,False,True,False,False,False,False,True
16.5,1.25,0.25,1.0,108.0,98.0,0,False,False,False,False,False,False,False,False,False,False,False,False,True,False,False,False,False,False,False,False,False,False,True,False,True,False,False,False
17.58,10.0,0.165,1.0,120.0,1.0,0,True,False,False,False,False,False,False,False,False,False,False,False,False,False,True,False,False,False,True,False,False,False,False,False,True,False,False,False
28.46,1.5,0.0,2.0,200.0,105.0,0,False,False,False,False,False,False,False,True,False,False,False,False,False,False,False,False,False,True,False,False,False,False,False,False,True,True,False,False
18.83,0.415,0.165,1.0,200.0,1.0,0,True,True,True,True,False,False,False,False,False,False,False,False,False,False,False,False,False,False,False,False,False,False,True,False,True,False,False,False
21.75,1.75,0.0,0.0,160.0,0.0,0,False,True,True,False,False,False,False,False,False,True,False,False,False,False,False,False,False,False,False,True,False,False,False,False,False,False,False,False
23.0,0.75,0.5,0.0,320.0,0.0,0,True,False,False,False,False,False,False,False,False,False,False,True,False,False,False,False,False,False,False,False,False,False,True,False,False,True,False,True
18.25,10.0,1.0,1.0,120.0,1.0,0,False,False,False,False,False,False,False,False,False,False,False,False,False,False,True,False,False,False,False,False,False,False,True,False,True,False,False,False
25.42,0.54,0.165,1.0,272.0,444.0,0,True,False,False,False,False,False,False,False,False,False,False,False,False,False,True,False,False,False,False,False,False,False,True,False,True,False,False,False
35.75,2.415,0.125,2.0,220.0,1.0,0,True,False,False,False,False,False,False,False,False,False,False,False,False,False,True,False,False,False,False,False,False,False,True,False,True,False,False,False
16.08,0.335,0.0,1.0,160.0,126.0,0,False,False,False,False,False,False,False,True,False,False,False,False,False,False,False,False,False,True,False,False,False,False,False,False,True,False,False,False
31.92,3.125,3.04,2.0,200.0,4.0,0,False,False,False,False,False,False,False,True,False,False,False,False,False,False,False,False,False,True,False,False,False,False,False,False,True,True,False,False
16.33,2.75,0.665,1.0,80.0,21.0,0,True,False,False,False,False,False,False,False,False,False,False,False,False,False,False,False,False,False,False,False,False,False,True,False,True,False,False,False
22.17,12.125,3.335,2.0,180.0,173.0,0,True,False,False,True,False,False,False,False,False,False,False,False,False,False,False,False,False,False,False,False,False,False,True,False,True,True,False,False
18.25,0.165,0.25,0.0,280.0,0.0,0,True,False,False,False,False,True,False,False,False,False,False,False,False,False,False,False,False,False,False,False,False,False,True,False,False,True,False,True
23.42,1.0,0.5,0.0,280.0,0.0,0,True,False,False,True,False,False,False,False,False,False,False,False,False,False,False,False,False,False,False,False,False,False,True,False,False,True,False,True
15.92,2.875,0.085,0.0,120.0,0.0,0,False,False,False,False,False,False,False,False,False,False,False,False,True,False,False,False,False,False,False,False,False,False,True,False,False,False,False,False
24.75,13.665,1.5,0.0,280.0,1.0,0,False,False,False,False,False,False,False,False,False,False,False,False,True,False,False,False,False,False,True,False,False,False,False,False,False,False,False,False
23.5,2.75,4.5,0.0,160.0,25.0,0,True,False,False,False,False,False,False,True,False,False,False,False,False,False,False,False,False,True,False,False,False,False,False,False,False,False,False,False
18.58,10.29,0.415,0.0,80.0,0.0,0,True,False,False,False,False,False,False,True,False,False,False,False,False,False,False,False,False,True,False,False,False,False,False,False,False,False,False,False
27.75,1.29,0.25,0.0,140.0,0.0,0,True,False,False,False,False,False,False,False,False,False,True,False,False,False,False,False,False,False,True,False,False,False,False,False,False,True,False,True
31.75,3.0,0.0,0.0,160.0,20.0,0,False,True,True,False,False,False,False,False,False,True,False,False,False,False,False,False,False,False,False,True,False,False,False,False,False,False,False,False
24.83,4.5,1.0,0.0,360.0,6.0,0,False,False,False,False,False,False,False,False,False,False,False,False,False,False,True,False,False,False,False,False,False,False,True,False,False,True,False,False
19.0,1.75,2.335,0.0,112.0,6.0,0,True,True,True,True,False,False,False,False,False,False,False,False,False,False,False,False,False,False,False,False,False,False,True,False,False,True,False,False
16.33,0.21,0.125,0.0,200.0,1.0,0,False,False,False,False,False,False,False,False,False,False,False,False,False,False,False,False,False,False,False,False,False,False,True,False,False,False,False,False
18.58,10.0,0.415,0.0,80.0,42.0,0,False,False,False,False,False,True,False,False,False,False,False,False,False,False,False,False,False,False,False,False,False,False,True,False,False,False,False,False
16.25,0.0,0.25,0.0,60.0,0.0,0,True,True,True,False,False,False,False,False,False,False,False,False,False,False,False,False,False,False,False,False,False,False,True,False,False,False,False,False
23.0,0.75,0.5,0.0,320.0,0.0,0,True,False,False,False,False,False,False,False,False,False,False,True,False,False,False,False,False,False,False,False,False,False,True,True,False,True,False,True
21.17,0.25,0.25,0.0,280.0,204.0,0,True,True,True,True,False,False,False,False,False,False,False,False,False,False,False,False,False,False,True,False,False,False,False,False,False,False,False,False
19.17,0.0,0.0,0.0,500.0,1.0,1,True,True,True,False,False,False,False,False,False,False,False,True,False,False,False,False,False,False,False,False,False,False,False,False,False,True,False,True
36.75,0.125,1.5,0.0,232.0,113.0,1,True,True,True,True,False,False,False,False,False,False,False,False,False,False,False,False,False,False,False,False,False,False,True,False,False,True,False,False
21.25,1.5,1.5,0.0,150.0,8.0,1,True,False,False,False,False,False,False,False,False,False,False,False,False,False,True,False,False,False,False,False,False,False,True,False,False,False,False,False
33.67,0.375,0.375,0.0,300.0,44.0,1,False,False,False,False,True,False,False,False,False,False,False,False,False,False,False,False,False,False,False,False,False,False,True,False,False,False,False,False
33.67,1.25,1.165,0.0,120.0,0.0,0,True,False,False,False,False,False,False,False,False,False,False,False,False,False,True,False,False,False,False,False,False,False,True,False,False,False,False,False
29.5,1.085,1.0,0.0,280.0,13.0,0,False,True,True,False,False,False,False,False,False,False,False,False,False,False,False,True,False,False,False,False,False,False,True,False,False,False,False,False
30.17,1.085,0.04,0.0,170.0,179.0,0,True,True,True,True,False,False,False,False,False,False,False,False,False,False,False,False,False,False,False,False,False,False,True,False,False,False,False,False
34.83,2.5,3.0,0.0,200.0,0.0,0,True,True,True,False,False,False,False,False,False,False,False,False,False,False,True,False,False,False,False,False,False,False,True,False,False,False,False,True
28.46,4.0,0.085,0.0,411.0,0.0,0,True,True,True,False,False,False,False,False,True,False,False,False,False,False,False,False,False,False,False,False,False,False,True,False,False,True,False,False
20.42,0.0,0.0,0.0,160.0,0.0,0,True,False,False,True,False,False,False,False,False,False,False,False,False,False,False,False,False,False,False,False,False,False,True,False,False,False,True,False
33.25,2.5,2.5,0.0,0.0,2.0,0,False,True,True,True,False,False,False,False,False,False,False,False,False,False,False,False,False,False,False,False,False,False,True,False,False,True,False,False
34.08,2.5,1.0,0.0,460.0,16.0,0,True,False,False,True,False,False,False,False,False,False,False,False,False,False,False,False,False,False,False,False,False,False,True,False,False,False,False,False
34.75,2.5,0.5,0.0,348.0,0.0,0,True,False,False,False,True,False,False,False,False,False,False,False,False,False,False,False,False,False,False,False,False,False,False,False,False,False,False,False
27.67,0.75,0.165,0.0,220.0,251.0,0,True,False,False,False,False,False,False,False,False,False,False,False,True,False,False,False,False,False,True,False,False,False,False,False,False,True,False,False
47.33,6.5,1.0,0.0,0.0,228.0,0,True,False,False,True,False,False,False,False,False,False,False,False,False,False,False,False,False,False,False,False,False,False,True,False,False,True,False,False
34.83,1.25,0.5,0.0,160.0,0.0,0,False,True,True,False,False,False,False,False,True,False,False,False,False,False,False,False,False,False,True,False,False,False,False,False,False,True,False,False
33.25,3.0,2.0,0.0,180.0,0.0,0,False,True,True,False,False,False,False,False,False,False,False,False,False,False,False,False,False,False,False,False,False,False,True,False,False,False,False,False
28.0,3.0,0.75,0.0,300.0,67.0,0,True,False,False,False,False,False,False,False,False,False,False,False,False,False,True,False,False,False,False,False,False,False,True,False,False,True,False,False
39.08,4.0,3.0,0.0,480.0,0.0,0,False,False,False,True,False,False,False,False,False,False,False,False,False,False,False,False,False,False,False,False,False,False,True,False,False,False,False,False
42.75,4.085,0.04,0.0,108.0,100.0,0,True,False,False,False,False,False,False,False,False,False,False,False,False,False,False,False,False,False,False,False,False,False,True,False,False,False,False,False
33.75,2.75,0.0,0.0,180.0,0.0,0,True,False,False,False,False,False,False,False,True,False,False,False,False,False,False,False,False,False,False,False,False,False,False,False,False,False,False,False
38.92,1.75,0.5,0.0,300.0,2.0,0,True,False,False,False,False,False,False,False,False,False,True,False,False,False,False,False,False,False,False,False,False,False,True,False,False,True,False,False
32.25,1.5,0.25,0.0,372.0,122.0,0,True,False,False,True,False,False,False,False,False,False,False,False,False,False,False,False,False,False,False,False,False,False,True,False,False,True,False,False
27.83,1.5,2.25,1.0,100.0,3.0,0,True,False,False,False,False,False,False,False,False,False,False,False,False,False,True,False,False,False,False,False,False,False,True,False,True,True,False,False
26.17,2.0,0.0,0.0,276.0,1.0,0,False,False,False,False,False,False,False,False,False,True,False,False,False,False,False,False,False,False,False,True,False,False,False,False,False,True,False,False
22.17,0.585,0.0,0.0,100.0,0.0,0,True,True,True,False,False,False,False,True,False,False,False,False,False,False,False,False,False,True,False,False,False,False,False,False,False,False,False,False
30.75,1.585,0.585,0.0,0.0,0.0,0,True,False,False,False,False,True,False,False,False,False,False,False,False,False,False,False,False,False,False,False,False,False,True,False,False,True,False,True
36.67,2.0,0.25,0.0,221.0,0.0,0,True,False,False,False,False,False,False,False,True,False,False,False,False,False,False,False,False,False,False,False,False,False,True,False,False,True,False,False
16.0,0.165,1.0,2.0,320.0,1.0,0,False,False,False,False,False,False,False,False,False,False,False,False,False,False,False,False,False,False,False,False,False,False,True,False,True,True,False,False
41.17,1.335,0.165,0.0,168.0,0.0,0,True,False,False,False,False,True,False,False,False,False,False,False,False,False,False,False,False,False,False,False,False,False,True,False,False,False,False,False
19.5,0.165,0.04,0.0,380.0,0.0,0,False,False,False,False,False,False,False,False,False,False,False,False,True,False,False,False,False,False,False,False,False,False,True,False,False,True,False,False
32.42,3.0,0.165,0.0,120.0,0.0,0,True,False,False,False,False,True,False,False,False,False,False,False,False,False,False,False,False,False,False,False,False,False,True,False,False,True,False,False
36.75,4.71,0.0,0.0,160.0,0.0,0,False,False,False,False,False,False,False,True,False,False,False,False,False,False,False,False,False,True,False,False,False,False,False,False,False,False,False,False
30.25,5.5,5.5,0.0,100.0,0.0,0,False,False,False,False,False,False,False,False,False,False,True,False,False,False,False,False,False,False,False,False,False,False,True,False,False,True,False,True
26.83,0.54,0.0,0.0,100.0,0.0,0,True,False,False,False,False,False,False,False,False,False,True,False,False,False,False,False,False,True,False,False,False,False,False,False,False,False,False,False
16.92,0.335,0.29,0.0,200.0,0.0,0,True,True,True,False,False,False,False,False,False,False,True,False,False,False,False,False,False,False,False,False,False,False,True,False,False,False,False,True
39.42,1.71,0.165,0.0,400.0,0.0,0,True,True,True,False,False,False,False,False,False,False,False,True,False,False,False,False,False,False,False,False,False,False,True,False,False,False,False,True
23.58,11.5,3.0,0.0,20.0,16.0,0,False,True,True,False,False,False,False,False,False,False,True,False,False,False,False,False,False,False,True,False,False,False,False,False,False,True,False,False
21.42,0.75,0.75,0.0,132.0,2.0,0,True,True,True,False,False,False,False,False,False,False,False,False,False,True,False,False,False,False,False,False,True,False,False,False,False,True,False,False
45.0,4.585,1.0,0.0,240.0,0.0,0,False,False,False,False,False,False,False,False,False,False,True,False,False,False,False,False,False,False,True,False,False,False,False,False,False,True,False,True
26.25,1.54,0.125,0.0,100.0,0.0,0,True,False,False,False,False,False,False,False,False,False,False,False,False,False,True,False,False,False,False,False,False,False,True,False,False,False,False,False
20.83,0.5,1.0,0.0,260.0,0.0,0,False,True,True,False,False,False,True,False,False,False,False,False,False,False,False,False,True,False,False,False,False,False,False,False,False,False,False,False
28.67,14.5,0.125,0.0,0.0,286.0,0,True,False,False,False,False,True,False,False,False,False,False,False,False,False,False,False,False,False,False,False,False,False,True,False,False,False,False,False
20.67,0.835,2.0,0.0,240.0,0.0,0,True,True,True,True,False,False,False,False,False,False,False,False,False,False,False,False,False,False,False,False,False,False,True,False,False,True,False,True
33.58,0.25,4.0,0.0,420.0,0.0,0,True,False,False,False,False,False,False,False,True,False,False,False,False,False,False,False,False,False,False,False,False,False,False,False,False,True,False,True
43.17,5.0,2.25,0.0,141.0,0.0,0,True,False,False,False,False,False,False,False,True,False,False,False,False,False,False,False,False,False,False,False,False,False,False,False,False,True,False,False
22.67,7.0,0.165,0.0,160.0,0.0,0,False,False,False,True,False,False,False,False,False,False,False,False,False,False,False,False,False,False,False,False,False,False,True,False,False,False,False,False
24.33,2.5,4.5,0.0,200.0,456.0,0,False,True,True,False,False,False,False,False,True,False,False,False,False,False,False,False,False,False,False,False,False,False,False,False,False,False,False,False
56.83,4.25,5.0,0.0,0.0,4.0,0,False,True,True,False,False,False,False,True,False,False,False,False,False,False,False,False,False,True,False,False,False,False,False,False,False,True,False,False
34.0,5.5,1.5,0.0,60.0,0.0,0,True,True,True,True,False,False,False,False,False,False,False,False,False,False,False,False,False,False,False,False,False,False,True,False,False,True,False,False
22.58,1.5,0.54,0.0,120.0,67.0,0,True,True,True,False,False,False,False,False,False,False,False,False,False,False,False,False,False,False,False,False,False,False,True,False,False,True,False,False
21.17,0.0,0.5,0.0,0.0,0.0,0,True,False,False,True,False,False,False,False,False,False,False,False,False,False,False,False,False,False,False,False,False,False,True,False,False,True,False,True
26.67,14.585,0.0,0.0,178.0,0.0,0,True,False,False,False,False,False,False,False,True,False,False,False,False,False,False,False,False,False,False,False,False,False,False,False,False,True,False,False
22.92,0.17,0.085,0.0,0.0,0.0,0,True,False,False,False,False,False,False,False,False,False,False,True,False,False,False,False,False,False,False,False,False,False,True,False,False,False,False,True
39.92,5.0,0.21,0.0,550.0,0.0,0,True,False,False,False,False,False,False,False,True,False,False,False,False,False,False,False,False,False,False,False,False,False,False,False,False,False,False,False
24.75,0.54,1.0,0.0,120.0,1.0,0,True,False,False,False,False,False,False,False,False,False,False,True,False,False,False,False,False,False,False,False,False,False,True,False,False,True,False,False
41.17,1.25,0.25,0.0,0.0,195.0,0,True,True,True,False,False,False,False,False,False,False,False,False,False,False,True,False,False,False,False,False,False,False,True,False,False,False,False,False
33.08,1.625,0.54,0.0,0.0,0.0,0,False,False,False,False,False,True,False,False,False,False,False,False,False,False,False,False,False,False,False,False,False,False,True,False,False,True,False,False
29.83,2.04,0.04,0.0,128.0,1.0,0,True,True,True,False,False,False,False,False,False,False,False,False,False,False,False,True,False,False,True,False,False,False,False,False,False,False,False,False
23.58,0.585,0.125,0.0,120.0,87.0,0,False,True,True,False,False,False,False,True,False,False,False,False,False,False,False,False,False,True,False,False,False,False,False,False,False,False,False,False
26.17,12.5,1.25,0.0,0.0,17.0,0,True,True,True,False,False,False,False,False,False,False,True,False,False,False,False,False,False,False,True,False,False,False,False,False,False,True,False,False
31.0,2.085,0.085,0.0,300.0,0.0,0,True,False,False,True,False,False,False,False,False,False,False,False,False,False,False,False,False,False,False,False,False,False,True,False,False,False,False,False
20.75,5.085,0.29,0.0,140.0,184.0,0,True,True,True,False,False,False,False,False,False,True,False,False,False,False,False,False,False,False,False,False,False,False,True,False,False,False,False,False
28.92,0.375,0.29,0.0,220.0,140.0,0,True,False,False,True,False,False,False,False,False,False,False,False,False,False,False,False,False,False,False,False,False,False,True,False,False,False,False,False
51.92,6.5,3.085,0.0,73.0,0.0,0,False,False,False,False,False,False,False,False,True,False,False,False,False,False,False,False,False,False,False,False,False,False,False,False,False,True,False,False
22.67,0.335,0.75,0.0,160.0,0.0,0,False,False,False,False,False,False,False,False,False,False,False,False,True,False,False,False,False,False,False,False,False,False,True,False,False,False,False,True
34.0,5.085,1.085,0.0,480.0,0.0,0,True,True,True,False,False,False,False,False,True,False,False,False,False,False,False,False,False,False,False,False,False,False,False,False,False,True,False,False
40.33,8.125,0.165,2.0,160.0,18.0,0,False,True,True,False,False,False,False,False,False,False,True,False,False,False,False,False,False,False,False,False,False,False,True,False,True,False,False,False
16.0,3.125,0.085,1.0,0.0,6.0,0,True,False,False,False,False,False,False,False,False,False,False,False,False,False,True,False,False,False,False,False,False,False,True,False,True,False,False,False
17.08,0.25,0.335,4.0,160.0,8.0,0,True,False,False,False,False,False,False,False,False,False,False,False,True,False,False,False,False,False,False,False,False,False,True,False,True,False,False,False
31.25,2.835,0.0,5.0,176.0,146.0,0,True,False,False,False,False,False,False,True,False,False,False,False,False,False,False,False,False,True,False,False,False,False,False,False,True,False,False,False
25.17,3.0,1.25,1.0,0.0,22.0,0,True,False,False,True,False,False,False,False,False,False,False,False,False,False,False,False,False,False,False,False,False,False,True,False,True,False,False,False
22.67,0.79,0.085,0.0,144.0,0.0,0,False,False,False,False,False,False,False,False,True,False,False,False,False,False,False,False,False,False,False,False,False,False,True,False,False,False,False,False
40.58,1.5,0.0,0.0,300.0,0.0,0,True,False,False,False,False,False,False,False,True,False,False,False,False,False,False,False,False,False,False,False,False,False,False,False,False,False,False,True
22.25,0.46,0.125,0.0,280.0,55.0,0,True,False,False,False,False,False,False,False,False,False,True,False,False,False,False,False,False,False,False,False,False,False,True,False,False,True,False,False
22.25,1.25,3.25,0.0,280.0,0.0,0,False,True,True,False,False,False,False,True,False,False,False,False,False,False,False,False,False,True,False,False,False,False,False,False,False,False,False,False
22.5,0.125,0.125,0.0,200.0,70.0,0,True,True,True,False,False,False,False,False,False,False,True,False,False,False,False,False,False,False,False,False,False,False,True,False,False,False,False,False
23.58,1.79,0.54,0.0,136.0,1.0,0,True,False,False,True,False,False,False,False,False,False,False,False,False,False,False,False,False,False,False,False,False,False,True,False,False,True,False,False
38.42,0.705,0.375,2.0,225.0,500.0,0,True,False,False,True,False,False,False,False,False,False,False,False,False,False,False,False,False,False,False,False,False,False,True,False,True,False,False,False
26.58,2.54,0.0,0.0,180.0,60.0,0,False,True,True,False,False,False,False,True,False,False,False,False,False,False,False,False,False,True,False,False,False,False,False,False,False,True,False,False
35.0,2.5,1.0,0.0,210.0,0.0,0,True,False,False,False,False,False,False,False,True,False,False,False,False,False,False,False,False,False,False,False,False,False,True,False,False,True,False,False
20.42,1.085,1.5,0.0,108.0,7.0,0,True,False,False,False,False,False,False,False,False,False,False,False,True,False,False,False,False,False,False,False,False,False,True,False,False,False,False,False
29.42,1.25,1.75,0.0,200.0,0.0,0,True,False,False,False,False,False,False,False,False,False,False,False,False,False,True,False,False,False,False,False,False,False,True,False,False,False,False,False
26.17,0.835,1.165,0.0,100.0,0.0,0,True,False,False,False,True,False,False,False,False,False,False,False,False,False,False,False,False,False,False,False,False,False,True,False,False,False,False,False
33.67,2.165,1.5,0.0,120.0,0.0,0,True,False,False,True,False,False,False,False,False,False,False,False,False,False,False,False,False,False,False,False,False,False,True,False,False,False,True,False
24.58,1.25,0.25,0.0,110.0,0.0,0,True,False,False,True,False,False,False,False,False,False,False,False,False,False,False,False,False,False,False,False,False,False,True,False,False,False,False,False
27.67,2.04,0.25,0.0,180.0,50.0,0,False,False,False,False,False,False,False,False,False,False,False,False,False,False,True,False,False,False,False,False,False,False,True,False,False,True,False,False
37.5,0.835,0.04,0.0,120.0,5.0,0,True,False,False,False,False,False,True,False,False,False,False,False,False,False,False,False,False,False,False,False,False,False,True,False,False,False,False,False
49.17,2.29,0.29,0.0,200.0,3.0,0,True,False,False,False,False,False,False,True,False,False,False,False,False,False,False,False,False,True,False,False,False,False,False,False,False,False,False,False
33.58,0.335,0.085,0.0,180.0,0.0,0,True,True,True,False,True,False,False,False,False,False,False,False,False,False,False,False,False,False,False,False,False,False,True,False,False,False,False,False
51.83,3.0,1.5,0.0,180.0,4.0,0,True,True,True,False,False,False,False,True,False,False,False,False,False,False,False,False,False,True,False,False,False,False,False,False,False,False,False,False
21.83,1.54,0.085,0.0,356.0,0.0,0,True,False,False,False,False,False,False,False,False,False,True,False,False,False,False,False,False,False,False,False,False,False,True,False,False,True,False,False
25.25,1.0,0.5,0.0,200.0,0.0,0,True,False,False,False,False,False,False,False,False,False,False,False,False,False,False,False,False,False,False,False,False,False,True,False,False,False,False,False
58.58,2.71,2.415,0.0,320.0,0.0,0,True,False,False,True,False,False,False,False,False,False,False,False,False,False,False,False,False,False,False,False,False,False,True,False,False,True,False,False
19.0,0.0,0.0,4.0,45.0,1.0,0,True,True,True,False,False,False,False,True,False,False,False,False,False,False,False,False,False,True,False,False,False,False,False,False,True,False,False,False
53.33,0.165,0.0,0.0,62.0,27.0,0,False,False,False,False,False,False,False,True,False,False,False,False,False,False,False,False,False,True,False,False,False,False,False,False,False,True,False,True
27.17,1.25,0.0,1.0,92.0,300.0,0,False,False,False,False,False,False,False,True,False,False,False,False,False,False,False,False,False,True,False,False,False,False,False,False,True,False,False,False
25.92,0.875,0.375,2.0,174.0,3.0,0,True,False,False,False,False,False,False,False,False,False,True,False,False,False,False,False,False,False,False,False,False,False,True,False,True,True,False,False
39.58,5.0,0.0,2.0,17.0,1.0,0,True,False,False,False,False,False,False,True,False,False,False,False,False,False,False,False,False,True,False,False,False,False,False,False,True,False,False,False
30.58,2.71,0.125,0.0,80.0,0.0,0,True,True,True,False,False,False,False,False,False,False,False,True,False,False,False,False,False,False,False,False,False,False,True,False,False,True,False,True
17.25,3.0,0.04,0.0,160.0,40.0,0,True,False,False,False,False,False,False,False,False,False,True,False,False,False,False,False,False,False,False,False,False,False,True,False,False,True,False,False
17.67,0.0,0.0,0.0,86.0,0.0,0,False,True,True,False,False,False,False,False,False,True,False,False,False,False,False,False,False,True,False,False,False,False,False,False,False,False,False,False
16.5,0.125,0.165,0.0,132.0,0.0,0,True,False,False,True,False,False,False,False,False,False,False,False,False,False,False,False,False,False,False,False,False,False,True,False,False,False,False,False
27.33,1.665,0.0,0.0,340.0,1.0,0,False,False,False,False,False,False,False,True,False,False,False,False,False,False,False,False,False,True,False,False,False,False,False,False,False,False,False,False
31.25,1.125,0.0,1.0,96.0,19.0,0,True,False,False,False,False,False,False,True,False,False,False,False,False,False,False,False,False,True,False,False,False,False,False,False,True,False,False,False
20.0,7.0,0.5,0.0,0.0,0.0,0,True,False,False,True,False,False,False,False,False,False,False,False,False,False,False,False,False,False,False,False,False,False,True,False,False,False,False,False
39.5,1.625,1.5,0.0,0.0,316.0,0,True,False,False,True,False,False,False,False,False,False,False,False,False,False,False,False,False,False,False,False,False,False,True,False,False,False,False,False
36.5,4.25,3.5,0.0,454.0,50.0,0,True,False,False,False,False,False,False,False,False,False,False,False,True,False,False,False,False,False,False,False,False,False,True,False,False,False,False,False
29.75,0.665,0.25,0.0,300.0,0.0,0,True,False,False,False,False,False,False,False,False,False,False,False,False,False,True,False,False,False,False,False,False,False,True,False,False,True,False,False
52.42,1.5,3.75,0.0,0.0,350.0,0,True,False,False,False,False,True,False,False,False,False,False,False,False,False,False,False,False,False,False,False,False,False,True,False,False,True,False,False
34.58,0.0,0.0,0.0,160.0,0.0,0,True,False,False,True,False,False,False,False,False,False,False,False,False,False,False,False,False,False,False,False,False,False,True,False,False,False,True,False
29.67,0.75,0.04,0.0,240.0,0.0,0,True,True,True,True,False,False,False,False,False,False,False,False,False,False,False,False,False,False,False,False,False,False,True,False,False,False,False,False
25.67,0.29,1.5,0.0,160.0,0.0,0,True,True,True,True,False,False,False,False,False,False,False,False,False,False,False,False,False,False,False,False,False,False,True,False,False,True,False,False
24.5,2.415,0.0,0.0,120.0,0.0,0,False,True,True,True,False,False,False,False,False,False,False,False,False,False,False,False,False,False,False,False,False,False,True,False,False,False,False,False
21.92,0.5,0.125,0.0,360.0,0.0,0,True,False,False,True,False,False,False,False,False,False,False,False,False,False,False,False,False,False,False,False,False,False,True,False,False,False,False,False
23.0,1.835,0.0,1.0,200.0,53.0,0,False,False,False,False,False,False,False,False,False,True,False,False,False,False,False,False,False,False,False,True,False,False,False,False,True,False,False,False
27.58,3.0,2.79,1.0,280.0,10.0,0,False,False,False,False,False,False,False,False,False,False,False,True,False,False,False,False,False,False,False,False,False,False,True,False,True,True,False,False
31.08,3.085,2.5,2.0,160.0,41.0,0,True,False,False,True,False,False,False,False,False,False,False,False,False,False,False,False,False,False,False,False,False,False,True,False,True,True,False,False
30.42,1.375,0.04,3.0,0.0,33.0,0,False,False,False,False,False,False,False,False,False,False,False,False,False,False,True,False,False,False,True,False,False,False,False,False,True,False,False,False
22.08,2.335,0.75,0.0,180.0,0.0,0,True,False,False,False,False,False,False,False,False,False,True,False,False,False,False,False,False,False,False,False,False,False,True,False,False,False,False,False
16.33,4.085,0.415,0.0,120.0,0.0,0,True,False,False,False,False,False,False,False,True,False,False,False,False,False,False,False,False,False,True,False,False,False,False,False,False,True,False,False
21.92,11.665,0.085,0.0,320.0,5.0,0,False,False,False,False,False,False,False,False,False,False,True,False,False,False,False,False,False,False,True,False,False,False,False,False,False,False,False,False
21.08,4.125,0.04,0.0,140.0,100.0,0,True,True,True,False,False,False,False,False,True,False,False,False,False,False,False,False,False,False,True,False,False,False,False,False,False,False,False,False
17.42,6.5,0.125,0.0,60.0,100.0,0,True,False,False,False,False,False,False,False,True,False,False,False,False,False,False,False,False,False,False,False,False,False,True,False,False,False,False,False
20.67,0.415,0.125,0.0,0.0,44.0,0,True,False,False,True,False,False,False,False,False,False,False,False,False,False,False,False,False,False,False,False,False,False,True,False,False,False,False,False
26.75,2.0,0.75,0.0,80.0,0.0,0,True,False,False,False,False,True,False,False,False,False,False,False,False,False,False,False,False,False,False,False,False,False,True,False,False,True,False,False
23.58,0.835,0.085,0.0,220.0,5.0,0,True,False,False,False,False,False,False,False,True,False,False,False,False,False,False,False,False,False,True,False,False,False,False,False,False,True,False,False
22.75,11.5,0.415,0.0,0.0,0.0,0,True,False,False,False,False,False,False,False,True,False,False,False,False,False,False,False,False,False,False,False,False,False,True,False,False,False,False,False
26.5,2.71,0.085,0.0,80.0,0.0,0,True,True,True,True,False,False,False,False,False,False,False,False,False,False,False,False,False,False,False,False,False,False,True,False,False,False,False,True
23.5,3.165,0.415,1.0,280.0,80.0,0,True,True,True,False,False,False,False,False,False,False,True,False,False,False,False,False,False,False,False,False,False,False,True,False,True,True,False,False
23.75,0.415,0.04,2.0,128.0,6.0,0,True,True,True,True,False,False,False,False,False,False,False,False,False,False,False,False,False,False,False,False,False,False,True,False,True,False,False,False
34.67,1.08,1.165,0.0,28.0,0.0,0,True,False,False,False,False,False,False,False,False,False,False,True,False,False,False,False,False,False,False,False,False,False,True,False,False,False,False,True
24.5,13.335,0.04,0.0,120.0,475.0,0,True,True,True,False,False,False,False,False,False,False,False,False,False,False,False,False,False,False,False,False,False,False,True,False,False,True,False,False
18.83,3.54,0.0,0.0,180.0,1.0,0,True,True,True,False,False,False,False,True,False,False,False,False,False,False,False,False,False,True,False,False,False,False,False,False,False,True,False,False
45.33,1.0,0.125,0.0,263.0,0.0,0,True,False,False,False,False,False,False,False,False,False,False,False,True,False,False,False,False,False,False,False,False,False,True,False,False,True,False,False
20.5,11.835,6.0,0.0,340.0,0.0,1,False,False,False,True,False,False,False,False,False,False,False,False,False,False,False,False,False,False,True,False,False,False,False,True,False,False,False,False
18.83,4.415,3.0,0.0,240.0,0.0,1,False,True,True,True,False,False,False,False,False,False,False,False,False,False,False,False,False,False,True,False,False,False,False,True,False,False,False,False
20.17,9.25,1.665,3.0,40.0,28.0,1,True,False,False,True,False,False,False,False,False,False,False,False,False,False,False,False,False,False,False,False,False,False,True,True,True,True,False,False
25.75,0.5,1.46,5.0,312.0,0.0,1,True,False,False,True,False,False,False,False,False,False,False,False,False,False,False,False,False,False,False,False,False,False,True,True,True,True,False,False
28.25,5.125,4.75,2.0,420.0,7.0,1,True,False,False,False,False,False,False,False,False,False,False,False,False,False,False,True,False,False,False,False,False,False,True,True,True,False,False,False
28.75,3.75,1.085,1.0,371.0,0.0,1,False,False,False,True,False,False,False,False,False,False,False,False,False,False,False,False,False,False,False,False,False,False,True,True,True,True,False,False
30.67,12.0,2.0,1.0,220.0,19.0,1,False,False,False,True,False,False,False,False,False,False,False,False,False,False,False,False,False,False,False,False,False,False,True,True,True,False,False,False
21.0,4.79,2.25,1.0,80.0,300.0,1,True,True,True,False,False,False,False,False,False,False,False,False,False,False,True,False,False,False,False,False,False,False,True,True,True,True,False,False
44.33,0.0,2.5,0.0,0.0,0.0,1,False,False,False,True,False,False,False,False,False,False,False,False,False,False,False,False,False,False,False,False,False,False,True,True,False,False,False,False
20.25,9.96,0.0,0.0,0.0,0.0,1,True,False,False,False,False,False,True,False,False,False,False,False,False,False,False,False,True,False,False,False,False,False,False,True,False,False,False,False
22.67,2.54,2.585,0.0,0.0,0.0,1,True,True,True,True,False,False,False,False,False,False,False,False,False,False,False,False,False,False,True,False,False,False,False,True,False,False,False,False
28.17,0.375,0.585,4.0,80.0,0.0,1,False,False,False,False,False,False,False,False,False,False,False,False,True,False,False,False,False,False,False,False,False,False,True,True,True,False,False,False
39.17,1.71,0.125,5.0,480.0,0.0,1,True,False,False,False,False,False,False,False,False,False,False,False,False,False,False,True,False,False,False,False,False,False,True,True,True,True,False,False
20.42,7.5,1.5,1.0,160.0,234.0,1,True,False,False,False,False,False,False,False,False,False,True,False,False,False,False,False,False,False,False,False,False,False,True,True,True,False,False,False
30.0,5.29,2.25,5.0,99.0,500.0,1,False,False,False,False,False,False,True,False,False,False,False,False,False,False,False,False,True,False,False,False,False,False,False,True,True,True,False,False
28.58,1.665,2.415,0.0,440.0,0.0,0,False,False,False,False,False,False,False,False,False,False,False,False,True,False,False,False,False,False,False,False,False,False,True,True,False,True,False,False
45.17,1.5,2.5,0.0,140.0,0.0,0,True,False,False,True,False,False,False,False,False,False,False,False,False,False,False,False,False,False,False,False,False,False,True,True,False,True,False,False
41.58,1.75,0.21,0.0,160.0,0.0,0,True,False,False,False,False,False,False,False,False,False,True,False,False,False,False,False,False,False,False,False,False,False,True,True,False,False,False,False
25.33,2.085,2.75,0.0,360.0,1.0,0,False,False,False,True,False,False,False,False,False,False,False,False,False,False,False,False,False,False,True,False,False,False,False,True,False,True,False,False
24.58,0.67,1.75,0.0,400.0,0.0,0,False,False,False,False,False,False,False,False,False,False,False,False,False,False,False,False,False,False,True,False,False,False,False,True,False,False,False,False
40.92,0.835,0.0,0.0,130.0,1.0,0,True,False,False,False,False,False,False,True,False,False,False,False,False,False,False,False,False,True,False,False,False,False,False,True,False,False,False,False
33.92,1.585,0.0,0.0,320.0,0.0,0,False,True,True,False,False,False,False,True,False,False,False,False,False,False,False,False,False,True,False,False,False,False,False,True,False,False,False,False
24.92,1.25,0.0,0.0,80.0,0.0,0,False,False,False,False,False,False,False,True,False,False,False,False,False,False,False,False,False,True,False,False,False,False,False,True,False,False,False,False
34.25,1.75,0.25,0.0,163.0,0.0,0,True,False,False,False,False,False,False,False,False,False,False,False,False,False,True,False,False,False,False,False,False,False,False,True,False,True,False,False
19.42,1.5,2.0,0.0,100.0,20.0,0,True,True,True,False,True,False,False,False,False,False,False,False,False,False,False,False,False,False,False,False,False,False,True,True,False,True,False,False
42.75,3.0,1.0,0.0,0.0,200.0,0,True,False,False,False,False,False,False,False,True,False,False,False,False,False,False,False,False,False,False,False,False,False,False,True,False,False,False,False
19.67,10.0,0.835,0.0,140.0,0.0,0,True,True,True,False,False,False,False,False,False,False,True,False,False,False,False,False,False,False,True,False,False,False,False,True,False,True,False,False
36.33,3.79,1.165,0.0,200.0,0.0,0,True,False,False,False,False,False,False,False,False,False,False,False,False,False,True,False,False,False,False,False,False,False,True,True,False,True,False,False
44.25,11.0,1.5,0.0,0.0,0.0,0,True,True,True,False,False,True,False,False,False,False,False,False,False,False,False,False,False,False,False,False,False,False,True,True,False,False,False,True
22.42,11.25,0.75,4.0,0.0,321.0,1,False,True,True,False,False,False,False,False,False,False,False,False,False,False,False,True,False,False,True,False,False,False,False,True,True,False,False,False
23.33,1.5,1.415,0.0,422.0,200.0,1,True,False,False,True,False,False,False,False,False,False,False,False,False,False,False,False,False,False,True,False,False,False,False,True,False,False,False,False
24.42,12.335,1.585,0.0,120.0,0.0,1,True,False,False,False,False,False,False,False,False,False,False,False,True,False,False,False,False,False,True,False,False,False,False,True,False,True,False,False
20.83,3.0,0.04,0.0,100.0,0.0,1,False,False,False,False,False,False,False,False,False,False,False,False,False,False,False,False,False,False,False,False,False,False,True,True,False,False,False,False
25.17,2.875,0.875,0.0,360.0,0.0,1,False,False,False,False,False,False,False,False,False,False,False,False,False,False,False,True,False,False,True,False,False,False,False,True,False,False,False,False
59.5,2.75,1.75,5.0,60.0,58.0,1,True,False,False,False,False,False,False,False,False,False,False,False,False,False,True,False,False,False,False,False,False,False,True,True,True,True,False,False
25.17,6.0,1.0,3.0,0.0,0.0,1,True,False,False,True,False,False,False,False,False,False,False,False,False,False,False,False,False,False,False,False,False,False,True,True,True,False,False,False
48.5,4.25,0.125,0.0,225.0,0.0,1,True,False,False,False,False,False,False,False,False,False,False,True,False,False,False,False,False,False,False,False,False,False,True,True,False,True,False,False
32.67,9.0,5.25,0.0,154.0,0.0,1,True,True,True,False,False,False,False,False,False,False,False,False,False,False,True,False,False,False,True,False,False,False,False,True,False,True,False,False
27.0,0.75,4.25,3.0,312.0,150.0,1,True,False,False,True,False,False,False,False,False,False,False,False,False,False,False,False,False,False,True,False,False,False,False,True,True,True,False,False
23.17,0.0,0.0,0.0,160.0,0.0,1,True,False,False,True,False,False,False,False,False,False,False,False,False,False,False,False,False,False,False,False,False,False,True,False,False,False,True,False
34.17,5.25,0.085,0.0,290.0,6.0,1,True,False,False,False,False,False,False,False,False,False,False,False,False,False,True,False,False,False,False,False,False,False,True,False,False,True,False,False
38.67,0.21,0.085,0.0,280.0,0.0,1,True,False,False,False,False,False,False,False,False,False,True,False,False,False,False,False,False,False,False,False,False,False,True,True,False,True,False,False
25.75,0.75,0.25,0.0,349.0,23.0,1,True,False,False,True,False,False,False,False,False,False,False,False,False,False,False,False,False,False,False,False,False,False,False,True,False,False,False,False
29.5,0.46,0.54,4.0,380.0,500.0,1,False,False,False,False,False,False,False,False,False,False,True,False,False,False,False,False,False,False,False,False,False,False,True,True,True,False,False,False
42.25,1.75,0.0,0.0,150.0,1.0,0,True,True,True,True,False,False,False,False,False,False,False,False,False,False,False,False,False,False,False,False,False,False,True,False,False,True,False,False
29.83,1.25,0.25,0.0,224.0,0.0,0,True,True,True,False,False,False,False,False,False,False,True,False,False,False,False,False,False,False,False,False,False,False,True,False,False,False,False,False
20.08,0.25,0.125,0.0,200.0,0.0,0,True,False,False,False,False,False,False,False,False,False,False,False,True,False,False,False,False,False,False,False,False,False,True,False,False,False,False,False
23.42,0.585,0.085,0.0,180.0,0.0,0,True,False,False,True,False,False,False,False,False,False,False,False,False,False,False,False,False,False,True,False,False,False,False,True,False,False,False,False
29.58,1.75,1.25,0.0,280.0,0.0,0,False,True,True,False,False,False,False,False,False,False,True,False,False,False,False,False,False,False,False,False,False,False,True,False,False,True,False,False
16.17,0.04,0.04,0.0,0.0,0.0,1,True,False,False,True,False,False,False,False,False,False,False,False,False,False,False,False,False,False,False,False,False,False,True,False,False,False,False,False
32.33,3.5,0.5,0.0,232.0,0.0,0,True,False,False,False,False,False,False,False,False,False,True,False,False,False,False,False,False,False,False,False,False,False,True,False,False,True,False,False
28.46,0.04,4.25,0.0,460.0,0.0,0,True,True,True,False,False,True,False,False,False,False,False,False,False,False,False,False,False,False,False,False,False,False,True,False,False,True,False,False
47.83,4.165,0.085,0.0,520.0,0.0,0,True,False,False,False,False,False,False,False,False,False,False,False,False,False,False,True,False,False,False,False,False,False,False,False,False,True,False,False
20.0,1.25,0.125,0.0,140.0,4.0,0,True,True,True,False,False,False,False,False,False,False,True,False,False,False,False,False,False,False,False,False,False,False,True,False,False,False,False,False
27.58,3.25,5.085,2.0,369.0,1.0,0,True,True,True,False,False,False,False,False,False,False,False,False,True,False,False,False,False,False,True,False,False,False,False,False,True,True,False,False
22.0,0.79,0.29,1.0,420.0,283.0,0,True,False,False,False,False,False,False,False,False,False,False,False,False,False,True,False,False,False,False,False,False,False,True,False,True,False,False,False
19.33,10.915,0.585,2.0,200.0,7.0,0,True,False,False,True,False,False,False,False,False,False,False,False,False,False,False,False,False,False,False,False,False,False,False,False,True,True,False,False
38.33,4.415,0.125,0.0,160.0,0.0,0,False,False,False,True,False,False,False,False,False,False,False,False,False,False,False,False,False,False,False,False,False,False,True,False,False,False,False,False
29.42,1.25,0.25,2.0,400.0,108.0,0,True,False,False,True,False,False,False,False,False,False,False,False,False,False,False,False,False,False,True,False,False,False,False,False,True,True,False,False
22.67,0.75,1.585,1.0,400.0,9.0,0,True,False,False,False,False,False,False,False,True,False,False,False,False,False,False,False,False,False,False,False,False,False,True,False,True,True,False,False
32.25,14.0,0.0,2.0,160.0,1.0,0,True,True,True,False,False,False,False,True,False,False,False,False,False,False,False,False,False,True,False,False,False,False,False,False,True,False,False,False
29.58,4.75,2.0,1.0,460.0,68.0,0,True,False,False,False,False,False,False,False,False,False,False,True,False,False,False,False,False,False,False,False,False,False,True,False,True,True,False,False
18.42,10.415,0.125,0.0,120.0,375.0,0,True,True,True,False,False,False,False,False,False,False,False,False,False,False,False,False,False,False,False,False,False,False,True,True,False,False,False,False
22.17,2.25,0.125,0.0,160.0,10.0,0,True,False,False,False,False,False,False,False,True,False,False,False,False,False,False,False,False,False,False,False,False,False,True,False,False,False,False,False
22.67,0.165,2.25,0.0,0.0,0.0,1,True,False,False,True,False,False,False,False,False,False,False,False,False,False,False,False,False,False,False,True,False,False,False,False,False,True,False,True
25.58,0.0,0.0,0.0,160.0,0.0,1,False,False,False,True,False,False,False,False,False,False,False,False,False,False,False,False,False,False,False,False,False,False,True,False,False,False,True,False
18.83,0.0,0.665,0.0,160.0,1.0,0,True,False,False,False,False,False,False,False,False,False,False,False,True,False,False,False,False,False,False,False,False,False,True,False,False,False,False,False
21.58,0.79,0.665,0.0,160.0,0.0,0,True,True,True,False,True,False,False,False,False,False,False,False,False,False,False,False,False,False,False,False,False,False,True,False,False,False,False,False
23.75,12.0,2.085,0.0,80.0,0.0,0,True,False,False,True,False,False,False,False,False,False,False,False,False,False,False,False,False,False,False,False,False,False,True,False,False,False,False,True
22.0,7.835,0.165,0.0,160.0,0.0,0,True,True,True,False,False,False,False,False,True,False,False,False,False,False,False,False,False,False,False,False,False,False,False,False,False,True,False,False
29.25,13.0,0.5,0.0,228.0,0.0,0,True,False,False,False,False,True,False,False,False,False,False,False,False,False,False,False,False,False,True,False,False,False,False,False,False,False,False,False
19.58,0.665,1.665,0.0,220.0,5.0,0,False,False,False,False,False,False,False,False,False,False,False,False,False,False,True,False,False,False,False,False,False,False,True,False,False,False,False,False
27.25,0.29,0.125,1.0,272.0,108.0,0,False,False,False,False,False,False,False,False,False,False,False,True,False,False,False,False,False,False,True,False,False,False,False,False,True,True,False,False
38.75,1.5,0.0,0.0,76.0,0.0,0,False,False,False,False,False,False,False,True,False,False,False,False,False,False,False,False,False,True,False,False,False,False,False,False,False,False,False,False
32.42,2.165,0.0,0.0,120.0,0.0,0,True,True,True,False,False,False,False,False,False,False,True,False,False,False,False,False,False,True,False,False,False,False,False,False,False,False,False,False
23.75,0.71,0.25,1.0,240.0,4.0,0,False,False,False,False,False,False,False,False,False,False,False,False,False,False,True,False,False,False,False,False,False,False,True,False,True,True,False,False
40.92,0.5,0.5,0.0,130.0,0.0,0,True,True,True,False,False,False,False,False,False,False,False,True,False,False,False,False,False,False,False,False,False,False,True,False,False,True,False,False
19.5,9.585,0.79,0.0,80.0,350.0,0,True,False,False,False,False,False,False,False,False,False,False,False,False,False,False,False,False,False,False,False,False,False,True,False,False,False,False,False
28.58,3.625,0.25,0.0,100.0,0.0,0,True,False,False,False,False,False,False,False,False,False,False,False,False,False,False,False,False,False,False,False,False,False,True,False,False,True,False,False
35.58,0.75,1.5,0.0,231.0,0.0,0,True,False,False,False,False,False,False,False,False,False,True,False,False,False,False,False,False,False,False,False,False,False,True,False,False,True,False,False
34.17,2.75,2.5,0.0,232.0,200.0,0,True,False,False,False,False,False,False,False,True,False,False,False,False,False,False,False,False,False,False,False,False,False,False,False,False,True,False,False
33.17,2.25,3.5,0.0,200.0,141.0,0,True,True,True,False,True,False,False,False,False,False,False,False,False,False,False,False,False,False,False,False,False,False,True,False,False,True,False,False
31.58,0.75,3.5,0.0,320.0,0.0,0,True,True,True,False,False,False,False,False,False,False,False,False,False,False,False,False,False,False,False,False,False,False,True,False,False,True,False,False
52.5,7.0,3.0,0.0,0.0,0.0,0,False,False,False,False,False,False,False,False,False,False,False,False,False,False,False,False,False,False,True,False,False,False,False,False,False,False,False,False
36.17,0.42,0.29,0.0,309.0,2.0,0,True,True,True,False,False,False,False,False,False,False,False,False,False,False,True,False,False,False,False,False,False,False,True,False,False,True,False,False
20.83,8.5,0.165,0.0,0.0,351.0,0,False,False,False,True,False,False,False,False,False,False,False,False,False,False,False,False,False,False,False,False,False,False,True,False,False,False,False,False
24.08,9.0,0.25,0.0,0.0,0.0,0,True,False,False,False,False,False,False,False,False,False,False,False,False,False,False,False,False,False,False,False,False,False,True,False,False,True,False,False
25.58,0.335,3.5,0.0,340.0,0.0,0,True,False,False,False,False,False,False,False,False,False,True,False,False,False,False,False,False,False,True,False,False,False,False,False,False,True,False,False
48.08,3.75,1.0,0.0,100.0,2.0,0,True,False,False,False,False,False,False,False,True,False,False,False,False,False,False,False,False,False,False,False,False,False,False,False,False,False,False,False
15.83,7.625,0.125,1.0,0.0,160.0,0,False,False,False,False,False,False,False,False,False,False,False,False,True,False,False,False,False,False,False,False,False,False,True,False,True,True,False,False
22.5,0.415,0.335,0.0,144.0,0.0,0,False,False,False,False,False,False,False,False,True,False,False,False,False,False,False,False,False,False,False,False,False,False,True,False,False,True,False,True
21.5,11.5,0.5,0.0,100.0,68.0,0,True,False,False,False,False,False,False,False,True,False,False,False,False,False,False,False,False,False,False,False,False,False,True,True,False,True,False,False
23.58,0.83,0.415,1.0,200.0,11.0,0,False,False,False,False,False,False,False,False,False,False,False,False,True,False,False,False,False,False,False,False,False,False,True,False,True,True,False,False
21.08,5.0,0.0,0.0,0.0,0.0,0,False,True,True,False,False,False,False,True,False,False,False,False,False,False,False,False,False,True,False,False,False,False,False,False,False,False,False,False
25.67,3.25,2.29,1.0,416.0,21.0,0,True,False,False,True,False,False,False,False,False,False,False,False,False,False,False,False,False,False,True,False,False,False,False,False,True,True,False,False
38.92,1.665,0.25,0.0,0.0,390.0,0,False,False,False,False,False,False,False,False,False,False,False,False,False,False,False,False,False,False,False,False,False,False,True,False,False,False,False,False
15.75,0.375,1.0,0.0,120.0,18.0,0,False,False,False,True,False,False,False,False,False,False,False,False,False,False,False,False,False,False,False,False,False,False,True,False,False,False,False,False
28.58,3.75,0.25,1.0,40.0,154.0,0,False,False,False,True,False,False,False,False,False,False,False,False,False,False,False,False,False,False,False,False,False,False,True,False,True,True,False,False
22.25,9.0,0.085,0.0,0.0,0.0,0,True,False,False,False,False,False,False,False,False,False,False,False,False,False,False,False,False,False,False,False,False,False,True,False,False,False,False,False
29.83,3.5,0.165,0.0,216.0,0.0,0,True,False,False,True,False,False,False,False,False,False,False,False,False,False,False,False,False,False,False,False,False,False,True,False,False,False,False,False
23.5,1.5,0.875,0.0,160.0,0.0,0,False,False,False,False,False,False,False,False,False,False,False,False,False,False,True,False,False,False,False,False,False,False,True,False,False,True,False,False
32.08,4.0,1.5,0.0,120.0,0.0,0,True,True,True,False,True,False,False,False,False,False,False,False,False,False,False,False,False,False,False,False,False,False,True,False,False,True,False,False
31.08,1.5,0.04,0.0,160.0,0.0,0,True,True,True,False,False,False,False,False,False,False,False,False,False,False,True,False,False,False,False,False,False,False,True,False,False,False,False,True
31.83,0.04,0.04,0.0,0.0,0.0,0,True,True,True,False,False,False,False,False,False,False,False,True,False,False,False,False,False,False,False,False,False,False,True,False,False,False,False,False
21.75,11.75,0.25,0.0,180.0,0.0,0,False,False,False,True,False,False,False,False,False,False,False,False,False,False,False,False,False,False,False,False,False,False,True,False,False,True,False,False
17.92,0.54,1.75,1.0,80.0,5.0,0,False,False,False,True,False,False,False,False,False,False,False,False,False,False,False,False,False,False,False,False,False,False,True,False,True,True,False,False
30.33,0.5,0.085,0.0,252.0,0.0,0,True,False,False,False,False,True,False,False,False,False,False,False,False,False,False,False,False,False,True,False,False,False,False,False,False,True,False,True
51.83,2.04,1.5,0.0,120.0,1.0,0,True,True,True,False,False,False,False,True,False,False,False,False,False,False,False,False,False,True,False,False,False,False,False,False,False,False,False,False
47.17,5.835,5.5,0.0,465.0,150.0,0,True,False,False,False,False,False,False,False,False,False,False,False,False,False,True,False,False,False,False,False,False,False,True,False,False,False,False,False
25.83,12.835,0.5,0.0,0.0,2.0,0,True,False,False,False,True,False,False,False,False,False,False,False,False,False,False,False,False,False,False,False,False,False,True,False,False,False,False,False
50.25,0.835,0.5,0.0,240.0,117.0,0,False,False,False,False,False,False,False,False,False,False,False,False,False,False,False,False,False,False,False,False,False,False,True,False,False,True,False,False
29.5,2.0,2.0,0.0,256.0,17.0,0,True,True,True,False,False,False,True,False,False,False,False,False,False,False,False,False,False,False,True,False,False,False,False,False,False,False,False,False
37.33,2.5,0.21,0.0,260.0,246.0,0,False,False,False,False,False,False,False,False,True,False,False,False,False,False,False,False,False,False,True,False,False,False,False,False,False,False,False,False
41.58,1.04,0.665,0.0,240.0,237.0,0,False,False,False,False,False,False,False,False,False,False,False,False,False,False,False,False,False,False,False,False,False,False,True,False,False,False,False,False
19.42,7.25,0.04,1.0,100.0,1.0,0,True,False,False,False,False,False,False,False,False,False,False,True,False,False,False,False,False,False,False,False,False,False,True,False,True,False,False,False
17.92,10.21,0.0,0.0,0.0,50.0,0,False,False,False,False,False,False,False,True,False,False,False,False,False,False,False,False,False,True,False,False,False,False,False,False,False,False,False,False
20.08,1.25,0.0,0.0,0.0,0.0,0,False,False,False,True,False,False,False,False,False,False,False,False,False,False,False,False,False,False,False,False,False,False,True,False,False,False,False,False
19.5,0.29,0.29,0.0,280.0,364.0,0,True,False,False,False,False,False,False,False,False,False,True,False,False,False,False,False,False,False,False,False,False,False,True,False,False,False,False,False
17.08,3.29,0.335,0.0,140.0,2.0,0,True,False,False,False,False,False,False,False,True,False,False,False,False,False,False,False,False,False,False,False,False,False,True,False,False,True,False,False
36.42,0.75,0.585,0.0,240.0,3.0,0,True,True,True,False,False,True,False,False,False,False,False,False,False,False,False,False,False,False,False,False,False,False,True,False,False,False,False,False
40.58,3.29,3.5,0.0,400.0,0.0,0,True,False,False,False,False,False,False,False,False,False,False,True,False,False,False,False,False,False,False,False,False,False,True,False,False,True,False,True
21.08,10.085,1.25,0.0,260.0,0.0,0,True,True,True,False,False,False,True,False,False,False,False,False,False,False,False,False,False,False,True,False,False,False,False,False,False,False,False,False
22.67,0.75,2.0,2.0,200.0,394.0,0,False,False,False,True,False,False,False,False,False,False,False,False,False,False,False,False,False,False,False,False,False,False,True,False,True,True,False,False
25.25,13.5,2.0,1.0,200.0,1.0,0,False,True,True,False,False,False,False,True,False,False,False,False,False,False,False,False,False,True,False,False,False,False,False,False,True,True,False,False
